[
  {
    "lang": "en",
    "temp": "Temperature",
    "feels_like": "Feels like",
    "min": "Min.",
    "max": "Max.",
    "sunset": "Sunset",
    "sunrise": "Sunrise",
    "pressure": "Pressure",
    "humidity": "Humidity",
    "visible": "Visibility",
    "w_d": "Wind",
    "time": "Time",
    "m_m": "mm",
    "k_m": "km",
    "m_s": "m/s",
    "now": "Now"
  },
  {
    "lang": "ru",
    "temp": "Температура",
    "feels_like": "Ощущается как",
    "min": "Мин.",
    "max": "Мах.",
    "sunset": "Заход солнца",
    "sunrise": "Восход солнца",
    "pressure": "Давление",
    "humidity": "Влажность",
    "visible": "Видимость",
    "wind": "Ветер",
    "time": "Время",
    "m_m": "мм",
    "k_m": "км",
    "m_s": "м/с",
    "now": "Cейчас"
  },
  {
    "lang": "de",
    "temp": "Temperatur",
    "feels_like": "Gefühlt ",
    "min": "Min.",
    "max": "Max.",
    "sunset": "Aufgang",
    "sunrise": "Untergang",
    "pressure": "Druck",
    "humidity": "Feuchtigkeit",
    "visible": "Sichtweite",
    "wind": "Wind",
    "time": "Zeit",
    "m_m": "mm",
    "k_m": "km",
    "m_s": "m/s",
    "now": "Jetzt"
  }
]